{
    "sync-dir": [
        {
            "path": "/Users/johan/Projets/ws-jopijs-dev/__packages/__jopi-modules/src/mod_jopijs@user_auth",
            "title": "Master: mod_jopijs@user_auth",
            "isMaster": true
        },
        {
            "path": "/Users/johan/Projets/Sites Ecommerce/JopiFlores/src/mod_jopijs@user_auth",
            "title": "mod_jopijs@user_auth"
        },
        {
            "path": "/Users/johan/Projets/ws-jopijs-dev/__tools/jopiProjectTemplates/projects_v2/demo-flore-store/project/src/mod_jopijs@user_auth",
            "title": "mod_jopijs@user_auth"
        },
        {
            "path": "/Users/johan/Projets/ws-jopijs-dev/temp/src/mod_jopijs@user_auth",
            "title": "mod_jopijs@user_auth"
        }
    ]
}