[
  {
    "authInfos": {
      "login": "admin",
      "password": "admin"
    },
    "userInfos": {
      "id": "admin",
      "fullName": "The Admin",
      "email": "admin@mymail.com",
      "roles": ["admin", "writer"]
    }
  },
  {
    "authInfos": {
      "login": "writer",
      "password": "writer"
    },
    "userInfos": {
      "id": "writer",
      "fullName": "The Writer",
      "email":  "writer@mymail.com",
      "roles": ["writer"]
    }
  },
  {
    "authInfos": {
      "login": "norole",
      "password": "norole"
    },
    "userInfos": {
      "id": "norole",
      "fullName": "The No Role",
      "email":  "norole@mymail.com"
    }
  }
]