{
  "bouquets": [
    { "id": 1, "name": "Wildflower Dream", "price": 45.00, "image": "/jopi/wildflower-bunch.png" },
    { "id": 2, "name": "Royal Orchids", "price": 65.00, "image": "/jopi/luxury-orchids.png" },
    { "id": 3, "name": "Rustic Dried Mix", "price": 35.00, "image": "/jopi/dried-flowers.png" },
    { "id": 4, "name": "Elegant White", "price": 55.00, "image": "/jopi/wedding-events.png" },
    { "id": 5, "name": "Spring Awakening", "price": 48.00, "image": "/jopi/wildflower-bunch.png" },
    { "id": 6, "name": "Velvet Rose", "price": 75.00, "image": "/jopi/luxury-orchids.png" },
    { "id": 7, "name": "Autumn Breeze", "price": 42.00, "image": "/jopi/dried-flowers.png" },
    { "id": 8, "name": "Pure Love", "price": 60.00, "image": "/jopi/wedding-events.png" }
  ],
  "plants": {
    "dried": [
        { "id": 1, "name": "Golden Wheat Sheaf", "price": 25.00, "image": "/jopi/dried_wheat_sheaf.png" },
        { "id": 2, "name": "Dried Lavender Bunch", "price": 20.00, "image": "/jopi/dried_lavender_bunch.png" },
        { "id": 3, "name": "Cotton Stems", "price": 18.00, "image": "/jopi/dried_cotton_stems.png" },
        { "id": 4, "name": "Pampas Grass", "price": 30.00, "image": "/jopi/dried_pampas_grass.png" }
    ],
    "potted": [
        { "id": 5, "name": "Monstera Deliciosa", "price": 45.00, "image": "/jopi/potted_monstera.png" },
        { "id": 6, "name": "Fiddle Leaf Fig", "price": 55.00, "image": "/jopi/potted_fiddle_leaf.png" },
        { "id": 7, "name": "Snake Plant", "price": 35.00, "image": "/jopi/potted_snake_plant.png" },
        { "id": 8, "name": "Peace Lily", "price": 28.00, "image": "/jopi/potted_peace_lily.png" }
    ],
    "succulents": [
        { "id": 9, "name": "Mini Echeveria", "price": 12.00, "image": "/jopi/succulent_echeveria.png" },
        { "id": 10, "name": "Aloe Vera", "price": 22.00, "image": "/jopi/succulent_aloe_vera.png" },
        { "id": 11, "name": "Barrel Cactus", "price": 25.00, "image": "/jopi/succulent_barrel_cactus.png" },
        { "id": 12, "name": "Jade Plant", "price": 18.00, "image": "/jopi/succulent_jade_plant.png" }
    ]
  }
}
