[
  {
    "i": "c8a5fed2-748d-4828-a926-066595ecbae1",
    "k": "elegant-white"
  },
  {
    "i": "89163095-2ab4-4d5c-8a4e-c17f31de6824",
    "k": "dried-lavender-bunch"
  },
  {
    "i": "7a7d424d-1f8e-43d9-bb0b-3ca479c5418c",
    "k": "jade-plant"
  },
  {
    "i": "092cfc8c-9909-43a2-b64c-00096f759c35",
    "k": "snake-plant"
  },
  {
    "i": "872bac29-e52e-4dfc-8423-157e7c855ec6",
    "k": "mini-echeveria"
  },
  {
    "i": "172e9a2e-acf6-4bca-958f-246a404c3c31",
    "k": "pampas-grass"
  },
  {
    "i": "58e6927c-201b-4675-8c8f-4b2de17e8d30",
    "k": "royal-orchids"
  },
  {
    "i": "18504570-5f36-4a34-a22b-02434c86ad99",
    "k": "monstera-deliciosa"
  },
  {
    "i": "aa6035c7-625f-4de4-9701-7f53127e6fde",
    "k": "wildflower-dream"
  },
  {
    "i": "9cc78dac-bf4c-4193-9cc9-5cec5ca1c8f5",
    "k": "pure-love"
  },
  {
    "i": "c6787491-01d5-48d4-a629-f41252d73ba3",
    "k": "cotton-stems"
  },
  {
    "i": "839d9e55-5c8f-4745-ae3c-40306a787e89",
    "k": "peace-lily"
  },
  {
    "i": "03505a9e-dbcf-4b1f-8786-9074ecce54a0",
    "k": "velvet-rose"
  },
  {
    "i": "84436e3e-94af-4a21-9e0d-122c9367d5c3",
    "k": "barrel-cactus"
  },
  {
    "i": "4984b7af-35b5-4704-be89-7c97babef327",
    "k": "aloe-vera"
  },
  {
    "i": "7e4429f0-4395-4659-808b-b6c967b02a74",
    "k": "rustic-dried-mix"
  },
  {
    "i": "398b86aa-f250-417f-bb8f-628f7d947825",
    "k": "golden-wheat-sheaf"
  },
  {
    "i": "97fd2a73-0cd7-4783-8b50-0e5062bda90a",
    "k": "fiddle-leaf-fig"
  },
  {
    "i": "aa33038c-2e3c-4694-9018-5ff4bf83fbfb",
    "k": "autumn-breeze"
  }
]